PLAYER_ID,full_name,TEAM_ID,TEAM_ABBREVIATION,PLAYER_AGE,GP,GS,MIN,FGM,FGA,FG_PCT,FG3M,FG3A,FG3_PCT,FTM,FTA,FT_PCT,OREB,DREB,REB,AST,STL,BLK,TOV,PF,PTS
1630173,Precious Achiuwa,0,TOT,24.0,42,3,770.0,122,259,0.471,15,60,0.25,31,52,0.596,93,144,237,54,24,27,40,72,290
1628384,OG Anunoby,0,TOT,26.0,41,41,1401.0,238,478,0.498,86,227,0.379,65,84,0.774,39,132,171,93,53,28,62,96,627
1628963,Marvin Bagley III,0,TOT,24.0,34,12,671.0,154,258,0.597,2,9,0.222,79,105,0.752,79,106,185,38,10,17,45,64,389
1629628,RJ Barrett,0,TOT,23.0,39,39,1204.0,269,579,0.465,61,180,0.339,148,194,0.763,33,170,203,108,20,14,70,83,747
201587,Nicolas Batum,0,TOT,35.0,34,27,846.0,70,135,0.519,44,97,0.454,9,14,0.643,42,89,131,78,23,25,21,68,193
1628971,Bruce Brown,0,TOT,27.0,40,37,1180.0,179,379,0.472,39,117,0.333,75,90,0.833,36,161,197,114,44,15,51,101,472
203496,Robert Covington,0,TOT,33.0,29,6,488.0,43,98,0.439,19,56,0.339,22,26,0.846,31,66,97,24,39,18,11,56,127
1630201,Malachi Flynn,0,TOT,25.0,43,0,520.0,62,154,0.403,30,90,0.333,25,32,0.781,13,57,70,78,19,6,35,45,179
201568,Danilo Gallinari,0,TOT,35.0,30,0,448.0,68,147,0.463,27,72,0.375,66,78,0.846,13,71,84,40,7,4,12,32,229
1630184,Kira Lewis Jr.,0,TOT,22.0,16,0,145.0,16,52,0.308,2,20,0.1,10,11,0.909,4,10,14,18,5,1,8,9,44
1631254,Kenneth Lofton Jr.,0,TOT,21.0,16,0,102.0,14,39,0.359,3,10,0.3,8,15,0.533,2,15,17,14,3,3,8,15,39
1630231,KJ Martin,0,TOT,23.0,33,0,294.0,33,67,0.493,1,11,0.091,11,23,0.478,8,25,33,18,13,2,14,44,78
1630219,Skylar Mays,0,TOT,26.0,26,5,387.0,59,148,0.399,16,51,0.314,13,17,0.765,10,30,40,81,16,3,18,24,147
203488,Mike Muscala,0,TOT,32.0,31,3,423.0,42,111,0.378,22,69,0.319,16,22,0.727,27,66,93,28,6,11,17,40,122
1629670,Jordan Nwora,0,TOT,25.0,23,0,261.0,53,114,0.465,19,53,0.358,21,24,0.875,12,34,46,25,9,3,15,28,146
1630196,Filip Petrusev,0,TOT,23.0,3,0,9.0,1,2,0.5,0,0,0.0,1,2,0.5,0,1,1,0,0,0,0,1,3
1630193,Immanuel Quickley,0,TOT,24.0,43,13,1132.0,226,514,0.44,102,245,0.416,121,141,0.858,9,124,133,153,25,5,48,70,675
1626179,Terry Rozier,0,TOT,29.0,36,35,1243.0,273,617,0.442,90,259,0.347,125,145,0.862,22,121,143,231,37,14,72,63,761
1627783,Pascal Siakam,0,TOT,29.0,48,48,1652.0,405,765,0.529,54,165,0.327,192,258,0.744,76,235,311,233,39,11,103,118,1056
1628464,Daniel Theis,0,TOT,31.0,37,1,640.0,97,181,0.536,15,38,0.395,29,41,0.707,56,78,134,38,18,34,26,89,238
200782,P.J. Tucker,0,TOT,38.0,15,3,239.0,6,19,0.316,5,16,0.313,3,3,1.0,16,27,43,8,9,3,4,35,20
1629685,Dylan Windler,0,TOT,27.0,6,0,17.0,4,7,0.571,4,6,0.667,0,0,0.0,0,3,3,3,0,0,0,2,12
1628389,Bam Adebayo,1610612748,MIA,26.0,39,39,1357.0,298,593,0.503,1,11,0.091,204,263,0.776,86,329,415,161,38,40,96,97,801
1630534,Ochai Agbaji,1610612762,UTA,23.0,50,10,993.0,105,247,0.425,46,140,0.329,15,20,0.75,35,90,125,46,27,29,34,66,271
1630583,Santi Aldama,1610612763,MEM,23.0,38,12,916.0,151,350,0.431,63,181,0.348,35,56,0.625,46,171,217,71,26,27,42,58,400
1629638,Nickeil Alexander-Walker,1610612750,MIN,25.0,49,16,1132.0,121,284,0.426,69,189,0.365,26,35,0.743,19,69,88,125,43,26,45,93,337
1628960,Grayson Allen,1610612756,PHX,28.0,43,43,1417.0,192,370,0.519,113,228,0.496,71,80,0.888,30,145,175,123,37,27,62,94,568
1628386,Jarrett Allen,1610612739,CLE,25.0,41,41,1244.0,256,397,0.645,0,1,0.0,112,150,0.747,148,284,432,118,36,47,75,97,624
1630631,Jose Alvarado,1610612740,NOP,25.0,31,0,499.0,74,179,0.413,41,105,0.39,23,35,0.657,12,52,64,56,31,10,22,48,212
203937,Kyle Anderson,1610612750,MIN,30.0,49,2,1081.0,118,255,0.463,6,30,0.2,62,92,0.674,36,135,171,193,38,28,62,75,304
203507,Giannis Antetokounmpo,1610612749,MIL,29.0,46,46,1618.0,530,872,0.608,20,79,0.253,341,516,0.661,121,412,533,282,63,51,166,139,1421
203648,Thanasis Antetokounmpo,1610612749,MIL,31.0,19,0,78.0,7,14,0.5,0,0,0.0,0,0,0.0,4,4,8,9,2,3,9,14,14
1630175,Cole Anthony,1610612753,ORL,23.0,48,0,1130.0,200,467,0.428,53,164,0.323,141,167,0.844,44,151,195,157,39,21,85,120,594
1627853,Ryan Arcidiacono,1610612752,NYK,29.0,20,0,45.0,0,6,0.0,0,6,0.0,0,0,0.0,0,8,8,4,2,0,2,5,0
1630166,Deni Avdija,1610612764,WAS,23.0,48,48,1321.0,222,440,0.505,47,123,0.382,106,140,0.757,47,250,297,186,41,20,86,121,597
1629028,Deandre Ayton,1610612757,POR,25.0,33,33,1045.0,203,369,0.55,0,0,0.0,37,46,0.804,100,238,338,51,33,23,59,76,443
1628962,Udoka Azubuike,1610612756,PHX,24.0,12,0,102.0,16,22,0.727,0,0,0.0,3,11,0.273,11,20,31,3,0,6,4,17,35
1641735,Amari Bailey,1610612766,CHA,19.0,2,0,11.0,2,6,0.333,0,2,0.0,1,2,0.5,2,0,2,0,0,0,1,0,5
1631116,Patrick Baldwin Jr.,1610612764,WAS,21.0,16,0,116.0,15,37,0.405,10,21,0.476,7,10,0.7,7,28,35,6,1,3,6,20,47
1630163,LaMelo Ball,1610612766,CHA,22.0,22,22,711.0,183,423,0.433,70,197,0.355,90,104,0.865,29,84,113,176,40,4,83,79,526
1628964,Mo Bamba,1610612755,PHI,25.0,26,0,251.0,43,82,0.524,10,22,0.455,14,21,0.667,34,53,87,14,11,25,16,35,110
1631094,Paolo Banchero,1610612753,ORL,21.0,49,49,1710.0,402,885,0.454,73,202,0.361,251,360,0.697,58,280,338,246,51,27,151,102,1128
1630217,Desmond Bane,1610612763,MEM,25.0,37,37,1277.0,330,696,0.474,123,320,0.384,121,140,0.864,34,135,169,196,38,20,99,106,904
1630625,Dalano Banton,1610612738,BOS,24.0,23,1,164.0,19,47,0.404,2,14,0.143,16,20,0.8,12,22,34,17,5,3,10,20,56
1631230,Dominick Barlow,1610612759,SAS,20.0,22,1,295.0,39,79,0.494,3,7,0.429,17,28,0.607,26,49,75,26,9,12,5,33,98
203084,Harrison Barnes,1610612758,SAC,31.0,47,47,1409.0,195,407,0.479,90,225,0.4,87,108,0.806,41,99,140,61,34,8,36,59,567
1630567,Scottie Barnes,1610612761,TOR,22.0,48,48,1689.0,364,760,0.479,90,250,0.36,158,205,0.771,108,283,391,275,62,71,130,96,976
1629646,Charles Bassey,1610612759,SAS,23.0,19,0,205.0,29,40,0.725,0,1,0.0,5,6,0.833,23,53,76,21,8,17,15,31,63
1641734,Emoni Bates,1610612739,CLE,20.0,10,0,76.0,6,25,0.24,5,20,0.25,1,2,0.5,1,9,10,6,1,2,1,5,18
1628966,Keita Bates-Diop,1610612756,PHX,28.0,38,8,589.0,63,149,0.423,20,64,0.313,26,36,0.722,30,68,98,33,21,18,11,33,172
203078,Bradley Beal,1610612756,PHX,30.0,25,25,835.0,168,350,0.48,35,108,0.324,57,75,0.76,20,87,107,114,19,8,60,68,428
1627736,Malik Beasley,1610612749,MIL,27.0,46,46,1351.0,186,392,0.474,126,281,0.448,13,18,0.722,29,153,182,63,33,6,32,98,511
1630699,MarJon Beauchamp,1610612749,MIL,23.0,35,1,540.0,67,138,0.486,25,62,0.403,12,20,0.6,20,64,84,29,11,6,24,47,171
202722,Davis Bertans,1610612760,OKC,31.0,15,0,91.0,10,26,0.385,10,24,0.417,14,15,0.933,2,8,10,9,3,3,1,10,44
201976,Patrick Beverley,1610612755,PHI,35.0,44,5,855.0,92,217,0.424,32,101,0.317,49,61,0.803,28,108,136,128,24,17,43,80,265
1630180,Saddiq Bey,1610612737,ATL,24.0,48,36,1551.0,211,511,0.413,81,267,0.303,118,145,0.814,125,189,314,70,43,6,42,76,621
1629048,Goga Bitadze,1610612753,ORL,24.0,41,31,809.0,110,179,0.615,2,10,0.2,46,68,0.676,96,153,249,66,27,62,31,92,268
1641931,Onuralp Bitim,1610612741,CHI,24.0,1,0,3.0,0,0,0.0,0,0,0.0,0,0,0.0,0,0,0,0,0,0,0,0,0
202687,Bismack Biyombo,1610612763,MEM,31.0,30,27,718.0,67,119,0.563,0,0,0.0,22,46,0.478,57,134,191,51,10,34,38,82,156
1641710,Anthony Black,1610612753,ORL,20.0,45,29,874.0,87,175,0.497,24,63,0.381,40,61,0.656,24,80,104,75,26,17,41,91,238
1641778,Leaky Black,1610612766,CHA,24.0,18,0,130.0,14,28,0.5,7,12,0.583,6,10,0.6,5,16,21,9,4,4,2,12,41
203992,Bogdan Bogdanovic,1610612737,ATL,31.0,46,6,1314.0,281,646,0.435,145,387,0.375,87,96,0.906,24,119,143,121,60,11,53,108,794
202711,Bojan Bogdanovic,1610612765,DET,34.0,27,26,888.0,196,413,0.475,85,200,0.425,77,100,0.77,13,76,89,69,23,3,61,56,554
1629626,Bol Bol,1610612756,PHX,24.0,12,0,86.0,17,23,0.739,3,5,0.6,4,5,0.8,9,18,27,6,3,6,6,10,41
1629716,Marques Bolden,1610612749,MIL,25.0,2,0,3.0,0,0,0.0,0,0,0.0,0,0,0.0,0,2,2,0,0,0,0,1,0
1626164,Devin Booker,1610612756,PHX,27.0,40,40,1451.0,396,789,0.502,93,240,0.388,242,276,0.877,28,169,197,289,37,17,108,121,1127
1630527,Brandon Boston Jr.,1610612746,LAC,22.0,13,0,101.0,20,49,0.408,6,17,0.353,7,8,0.875,7,7,14,5,2,2,4,14,53
1628449,Chris Boucher,1610612761,TOR,31.0,44,0,618.0,92,193,0.477,28,86,0.326,58,77,0.753,53,124,177,18,13,19,21,61,270
1630547,James Bouknight,1610612766,CHA,23.0,13,0,79.0,18,41,0.439,13,30,0.433,1,2,0.5,1,8,9,6,1,1,2,3,50
1631103,Malaki Branham,1610612759,SAS,20.0,44,21,911.0,148,338,0.438,41,133,0.308,25,27,0.926,14,75,89,100,18,5,50,53,362
1631128,Christian Braun,1610612743,DEN,22.0,50,0,931.0,129,287,0.449,33,92,0.359,60,82,0.732,38,138,176,70,18,18,35,76,351
1628969,Mikal Bridges,1610612751,BKN,27.0,47,47,1652.0,361,793,0.455,114,309,0.369,193,234,0.825,40,197,237,172,45,21,108,79,1029
1628970,Miles Bridges,1610612766,CHA,25.0,36,34,1334.0,284,624,0.455,85,237,0.359,95,110,0.864,29,238,267,113,40,21,73,69,748
1629052,Oshae Brissett,1610612738,BOS,25.0,31,0,352.0,41,89,0.461,10,36,0.278,27,40,0.675,34,59,93,19,12,2,10,35,119
1627763,Malcolm Brogdon,1610612757,POR,31.0,39,25,1121.0,218,496,0.44,82,199,0.412,95,116,0.819,28,120,148,214,27,8,60,58,613
1629717,Armoni Brooks,1610612751,BKN,25.0,10,0,104.0,15,46,0.326,11,32,0.344,1,2,0.5,7,11,18,5,1,1,3,3,42
1628415,Dillon Brooks,1610612745,HOU,28.0,39,39,1216.0,194,423,0.459,73,187,0.39,73,88,0.83,28,108,136,59,36,4,56,143,534
1627759,Jaylen Brown,1610612738,BOS,27.0,46,46,1527.0,395,804,0.491,93,267,0.348,144,198,0.727,50,200,250,172,51,28,109,120,1027
1631112,Kendall Brown,1610612754,IND,20.0,4,0,18.0,2,5,0.4,0,1,0.0,4,6,0.667,2,0,2,1,0,0,0,4,8
1641738,Kobe Brown,1610612746,LAC,24.0,30,0,271.0,22,60,0.367,11,38,0.289,1,2,0.5,9,32,41,17,6,3,5,40,56
1629650,Moses Brown,1610612757,POR,24.0,9,4,82.0,9,21,0.429,0,0,0.0,0,4,0.0,18,28,46,2,2,3,4,11,18
1630535,Greg Brown III,1610612742,DAL,22.0,6,0,40.0,5,11,0.455,1,3,0.333,4,9,0.444,3,6,9,4,0,4,4,5,15
1629718,Charlie Brown Jr.,1610612752,NYK,27.0,4,0,6.0,1,4,0.25,1,3,0.333,0,0,0.0,0,0,0,0,0,1,2,1,3
1628972,Troy Brown Jr.,1610612750,MIN,24.0,36,3,406.0,52,118,0.441,31,84,0.369,19,22,0.864,14,57,71,35,8,2,18,25,154
1628973,Jalen Brunson,1610612752,NYK,27.0,47,47,1678.0,450,936,0.481,129,309,0.417,243,291,0.835,27,155,182,301,42,10,108,97,1272
1628418,Thomas Bryant,1610612748,MIA,26.0,25,3,259.0,44,77,0.571,0,4,0.0,18,22,0.818,25,52,77,15,6,5,15,26,106
1641723,Kobe Bufkin,1610612737,ATL,20.0,3,0,6.0,1,4,0.25,1,2,0.5,1,2,0.5,1,2,3,1,0,0,0,0,4
203493,Reggie Bullock Jr.,1610612745,HOU,32.0,19,0,175.0,17,42,0.405,12,31,0.387,1,1,1.0,2,23,25,10,4,2,5,9,47
202692,Alec Burks,1610612765,DET,32.0,41,0,853.0,150,387,0.388,93,237,0.392,112,125,0.896,16,84,100,65,20,11,31,61,505
1630215,Jared Butler,1610612764,WAS,23.0,17,0,128.0,28,50,0.56,10,24,0.417,12,15,0.8,0,11,11,31,8,2,10,14,78
202710,Jimmy Butler,1610612748,MIA,34.0,34,34,1149.0,229,456,0.502,32,72,0.444,241,277,0.87,71,108,179,148,41,10,57,39,731
1631288,Jamal Cain,1610612748,MIA,24.0,14,1,209.0,29,66,0.439,8,25,0.32,14,19,0.737,12,17,29,3,9,4,4,16,80
203484,Kentavious Caldwell-Pope,1610612743,DEN,30.0,48,48,1556.0,171,381,0.449,70,184,0.38,78,85,0.918,21,91,112,114,65,23,48,96,490
1641739,Toumani Camara,1610612757,POR,23.0,48,30,1135.0,119,286,0.416,33,120,0.275,51,71,0.718,87,137,224,47,51,23,54,118,322
203991,Clint Capela,1610612737,ATL,29.0,46,46,1183.0,219,384,0.57,0,0,0.0,84,129,0.651,219,262,481,44,27,72,39,113,522
1628975,Jevon Carter,1610612741,CHI,28.0,47,0,647.0,91,250,0.364,55,162,0.34,3,5,0.6,5,31,36,57,22,12,25,49,240
1628976,Wendell Carter Jr.,1610612753,ORL,24.0,23,17,597.0,93,181,0.514,27,66,0.409,49,65,0.754,47,110,157,37,11,12,24,54,262
1627936,Alex Caruso,1610612741,CHI,29.0,42,30,1110.0,149,306,0.487,76,186,0.409,50,66,0.758,40,111,151,113,54,44,54,103,424
1630658,Colin Castleton,1610612747,LAL,23.0,5,0,32.0,6,9,0.667,0,0,0.0,4,4,1.0,4,5,9,3,0,0,1,6,16
1630608,Malcolm Cazalon,1610612765,DET,22.0,1,0,3.0,0,0,0.0,0,0,0.0,0,0,0.0,0,0,0,0,0,0,0,0,0
1630577,Julian Champagnie,1610612759,SAS,22.0,42,27,685.0,79,197,0.401,55,144,0.382,33,40,0.825,19,77,96,44,25,24,29,45,246
1631108,Max Christie,1610612747,LAL,20.0,40,6,681.0,72,173,0.416,28,84,0.333,26,32,0.813,9,98,107,41,15,11,31,50,198
1631321,Sidy Cissoko,1610612759,SAS,19.0,5,0,32.0,1,6,0.167,0,4,0.0,4,4,1.0,0,6,6,0,3,0,1,2,6
203903,Jordan Clarkson,1610612762,UTA,31.0,40,19,1204.0,254,606,0.419,66,223,0.296,131,149,0.879,38,99,137,197,23,5,112,54,705
1629651,Nic Claxton,1610612751,BKN,24.0,37,37,1101.0,201,318,0.632,1,3,0.333,55,99,0.556,112,271,383,71,27,79,44,95,458
1641730,Noah Clowney,1610612751,BKN,19.0,3,0,30.0,6,10,0.6,0,1,0.0,4,4,1.0,3,4,7,3,0,1,1,3,16
1629599,Amir Coffey,1610612746,LAC,26.0,35,7,589.0,72,127,0.567,26,61,0.426,27,31,0.871,12,47,59,24,16,3,15,41,197
1628381,John Collins,1610612762,UTA,26.0,46,44,1276.0,254,493,0.515,56,162,0.346,84,108,0.778,99,266,365,48,26,39,62,127,648
1628380,Zach Collins,1610612759,SAS,26.0,37,24,931.0,171,358,0.478,36,124,0.29,71,93,0.763,69,137,206,118,20,26,81,121,449
201144,Mike Conley,1610612750,MIN,36.0,44,44,1282.0,159,360,0.442,101,232,0.435,51,55,0.927,15,109,124,280,45,9,47,75,470
1626192,Pat Connaughton,1610612749,MIL,31.0,42,0,873.0,79,176,0.449,49,128,0.383,18,23,0.783,26,102,128,72,19,8,23,52,225
1641731,Bilal Coulibaly,1610612764,WAS,19.0,47,2,1252.0,143,309,0.463,47,124,0.379,59,86,0.686,37,153,190,85,42,39,64,99,392
1641741,Ricky Council IV,1610612755,PHI,22.0,7,0,32.0,6,13,0.462,1,2,0.5,9,12,0.75,3,0,3,0,2,0,0,1,22
1628470,Torrey Craig,1610612741,CHI,33.0,27,7,572.0,59,139,0.424,29,76,0.382,18,23,0.783,50,80,130,28,17,10,16,68,165
203109,Jae Crowder,1610612749,MIL,33.0,17,3,385.0,40,89,0.449,27,65,0.415,9,16,0.563,8,47,55,21,10,4,8,27,116
1630595,Cade Cunningham,1610612765,DET,22.0,39,39,1339.0,329,734,0.448,72,210,0.343,147,171,0.86,16,139,155,291,38,13,147,111,877
203552,Seth Curry,1610612742,DAL,33.0,36,3,457.0,54,145,0.372,29,80,0.363,17,19,0.895,15,37,52,30,17,3,16,32,154
201939,Stephen Curry,1610612744,GSW,35.0,42,42,1407.0,368,812,0.453,199,486,0.409,214,230,0.93,19,163,182,211,35,16,128,78,1149
1630700,Dyson Daniels,1610612740,NOP,20.0,49,15,1069.0,103,240,0.429,29,103,0.282,31,48,0.646,49,134,183,130,64,17,49,78,266
203076,Anthony Davis,1610612747,LAL,30.0,46,46,1651.0,437,789,0.554,17,54,0.315,256,318,0.805,146,409,555,170,53,108,98,115,1147
1631098,Johnny Davis,1610612764,WAS,21.0,22,0,165.0,23,52,0.442,1,4,0.25,4,7,0.571,9,12,21,6,7,2,5,13,51
1631120,JD Davison,1610612738,BOS,21.0,2,0,6.0,0,1,0.0,0,1,0.0,2,2,1.0,1,1,2,0,0,0,0,0,2
201942,DeMar DeRozan,1610612741,CHI,34.0,47,47,1754.0,361,773,0.467,45,134,0.336,267,317,0.842,26,163,189,251,53,33,72,101,1034
1641926,Dexter Dennis,1610612742,DAL,24.0,4,0,30.0,10,19,0.526,1,8,0.125,1,3,0.333,1,8,9,4,0,1,3,1,22
1628978,Donte DiVincenzo,1610612752,NYK,27.0,49,31,1144.0,211,468,0.451,140,335,0.418,44,60,0.733,37,119,156,113,57,15,53,93,606
1631217,Moussa Diabate,1610612746,LAC,22.0,10,0,58.0,9,18,0.5,0,0,0.0,9,12,0.75,14,6,20,4,4,0,2,4,27
1641711,Gradey Dick,1610612761,TOR,20.0,27,1,379.0,35,109,0.321,19,68,0.279,18,20,0.9,13,34,47,31,15,0,18,37,107
1631172,Ousmane Dieng,1610612760,OKC,20.0,24,0,278.0,37,83,0.446,17,53,0.321,12,14,0.857,9,34,43,23,2,0,12,18,103
203915,Spencer Dinwiddie,1610612751,BKN,30.0,45,45,1374.0,187,474,0.395,86,263,0.327,123,157,0.783,26,125,151,272,37,9,62,80,583
1629029,Luka Doncic,1610612742,DAL,24.0,40,40,1499.0,469,960,0.489,155,413,0.375,295,378,0.78,32,312,344,382,57,24,157,74,1388
1629652,Luguentz Dort,1610612760,OKC,24.0,47,47,1328.0,165,376,0.439,85,219,0.388,76,94,0.809,54,125,179,60,38,35,42,142,491
1630245,Ayo Dosunmu,1610612741,CHI,24.0,47,9,1142.0,172,347,0.496,54,141,0.383,45,56,0.804,31,89,120,101,36,22,46,92,443
203083,Andre Drummond,1610612741,CHI,30.0,49,7,778.0,156,280,0.557,0,2,0.0,72,129,0.558,163,244,407,27,56,29,52,83,384
1630537,Chris Duarte,1610612758,SAC,26.0,35,11,461.0,45,125,0.36,21,67,0.313,18,24,0.75,13,51,64,32,18,2,20,61,129
1627739,Kris Dunn,1610612762,UTA,29.0,42,24,734.0,91,187,0.487,25,58,0.431,12,18,0.667,29,92,121,178,37,19,54,76,219
201142,Kevin Durant,1610612756,PHX,35.0,42,42,1567.0,430,804,0.535,97,214,0.453,242,276,0.877,22,247,269,244,36,53,132,79,1199
1631105,Jalen Duren,1610612765,DET,20.0,33,32,988.0,204,318,0.642,0,2,0.0,50,72,0.694,109,281,390,83,12,27,63,103,458
1631106,Tari Eason,1610612745,HOU,22.0,22,0,480.0,88,189,0.466,18,50,0.36,21,33,0.636,46,107,153,27,31,19,20,51,215
1630162,Anthony Edwards,1610612750,MIN,22.0,46,46,1606.0,405,871,0.465,113,293,0.386,248,295,0.841,28,206,234,241,54,22,156,87,1171
1630556,Kessler Edwards,1610612758,SAC,23.0,32,0,161.0,17,43,0.395,9,26,0.346,3,4,0.75,5,21,26,9,4,4,1,12,46
1631165,Keon Ellis,1610612758,SAC,24.0,28,3,342.0,36,83,0.434,26,68,0.382,11,17,0.647,9,28,37,35,14,12,15,39,109
203954,Joel Embiid,1610612755,PHI,29.0,34,34,1157.0,402,754,0.533,41,112,0.366,356,403,0.883,89,295,384,193,39,60,126,98,1201
1629234,Drew Eubanks,1610612756,PHX,27.0,43,3,695.0,100,157,0.637,3,3,1.0,43,58,0.741,60,124,184,43,13,34,42,74,246
203957,Dante Exum,1610612742,DAL,28.0,32,14,631.0,116,203,0.571,31,65,0.477,32,44,0.727,18,71,89,91,18,5,27,51,295
1628981,Bruno Fernando,1610612737,ATL,25.0,13,0,84.0,14,27,0.519,0,3,0.0,10,19,0.526,7,19,26,4,2,5,7,12,38
1627827,Dorian Finney-Smith,1610612751,BKN,30.0,42,31,1211.0,140,340,0.412,88,230,0.383,14,20,0.7,72,130,202,60,31,26,34,94,382
1631323,Simone Fontecchio,1610612762,UTA,28.0,48,32,1111.0,156,348,0.448,90,228,0.395,30,38,0.789,47,119,166,69,28,18,48,80,432
1630259,Jordan Ford,1610612758,SAC,25.0,6,0,22.0,4,7,0.571,2,3,0.667,2,2,1.0,0,2,2,2,0,0,1,0,12
1630235,Trent Forrest,1610612737,ATL,25.0,19,0,202.0,15,47,0.319,2,7,0.286,8,10,0.8,5,21,26,38,7,1,10,17,40
203095,Evan Fournier,1610612752,NYK,31.0,3,0,39.0,4,20,0.2,2,15,0.133,2,2,1.0,0,4,4,3,4,0,1,4,12
1628368,De'Aaron Fox,1610612758,SAC,26.0,41,41,1460.0,396,846,0.468,121,321,0.377,199,278,0.716,34,132,166,223,70,17,102,101,1112
1631241,Javon Freeman-Liberty,1610612761,TOR,24.0,2,0,4.0,1,3,0.333,0,0,0.0,0,0,0.0,1,0,1,0,0,0,0,0,2
1641788,Alex Fudge,1610612747,LAL,20.0,4,0,14.0,1,6,0.167,0,2,0.0,2,2,1.0,2,0,2,0,0,0,1,1,4
1628365,Markelle Fultz,1610612753,ORL,25.0,16,10,394.0,69,134,0.515,0,3,0.0,6,13,0.462,20,31,51,60,23,6,18,26,144
1629655,Daniel Gafford,1610612764,WAS,25.0,43,43,1132.0,189,275,0.687,0,0,0.0,83,117,0.709,123,218,341,68,43,91,45,141,461
1629636,Darius Garland,1610612739,CLE,24.0,22,22,724.0,162,343,0.472,39,113,0.345,79,94,0.84,12,45,57,128,35,4,80,32,442
1630586,Usman Garuba,1610612744,GSW,21.0,2,0,6.0,0,1,0.0,0,0,0.0,0,0,0.0,0,0,0,1,1,0,0,1,0
1630568,Luka Garza,1610612750,MIN,25.0,10,0,28.0,8,21,0.381,1,6,0.167,6,10,0.6,5,4,9,2,0,0,2,8,23
1629232,Kaiser Gates,1610612740,NOP,27.0,1,0,7.0,0,4,0.0,0,2,0.0,0,0,0.0,0,1,1,0,0,0,0,0,0
1641718,Keyonte George,1610612762,UTA,20.0,44,16,1061.0,151,400,0.378,72,223,0.323,112,136,0.824,13,108,121,185,18,3,88,46,486
202331,Paul George,1610612746,LAC,33.0,44,44,1493.0,354,763,0.464,150,364,0.412,150,165,0.909,27,212,239,157,71,18,90,128,1008
1630581,Josh Giddey,1610612760,OKC,21.0,48,48,1184.0,224,499,0.449,43,132,0.326,58,71,0.817,68,234,302,219,33,23,99,57,549
1628385,Harry Giles III,1610612751,BKN,25.0,15,0,73.0,19,38,0.5,2,10,0.2,6,11,0.545,10,12,22,4,1,3,6,12,46
1628983,Shai Gilgeous-Alexander,1610612760,OKC,25.0,48,48,1645.0,525,958,0.548,57,162,0.352,396,445,0.89,44,224,268,308,109,39,105,122,1503
1630264,Anthony Gill,1610612764,WAS,31.0,28,0,156.0,23,46,0.5,3,12,0.25,12,16,0.75,13,23,36,11,4,6,12,12,61
1631221,Collin Gillespie,1610612743,DEN,24.0,15,0,97.0,12,25,0.48,4,13,0.308,4,5,0.8,1,4,5,9,5,0,5,12,32
1631367,Jacob Gilyard,1610612763,MEM,25.0,32,11,537.0,46,112,0.411,40,94,0.426,2,2,1.0,8,26,34,108,22,4,19,30,134
203497,Rudy Gobert,1610612750,MIN,31.0,48,48,1594.0,245,381,0.643,0,2,0.0,163,253,0.644,165,434,599,57,30,99,76,142,653
1630692,Jordan Goodwin,1610612756,PHX,25.0,38,0,550.0,73,190,0.384,23,80,0.288,23,27,0.852,40,77,117,77,21,8,29,42,192
203932,Aaron Gordon,1610612743,DEN,28.0,44,44,1405.0,238,438,0.543,25,81,0.309,100,161,0.621,114,177,291,139,34,30,60,84,601
201569,Eric Gordon,1610612756,PHX,35.0,41,20,1240.0,191,421,0.454,104,271,0.384,32,41,0.78,13,76,89,96,39,20,54,53,518
1628984,Devonte' Graham,1610612759,SAS,28.0,10,0,88.0,11,28,0.393,7,20,0.35,6,8,0.75,2,11,13,19,3,1,3,4,35
203924,Jerami Grant,1610612757,POR,29.0,43,43,1443.0,313,679,0.461,89,221,0.403,199,246,0.809,29,129,158,111,31,32,84,94,914
1631260,AJ Green,1610612749,MIL,24.0,28,0,210.0,31,73,0.425,26,63,0.413,4,4,1.0,5,17,22,16,0,1,1,24,92
201980,Danny Green,1610612755,PHI,36.0,2,0,18.0,0,2,0.0,0,1,0.0,0,0,0.0,0,2,2,1,1,0,0,1,0
203110,Draymond Green,1610612744,GSW,33.0,21,18,557.0,69,141,0.489,24,57,0.421,33,41,0.805,26,105,131,128,15,19,51,67,195
1630224,Jalen Green,1610612745,HOU,21.0,48,48,1478.0,301,724,0.416,102,318,0.321,177,218,0.812,20,212,232,156,33,15,102,64,881
201145,Jeff Green,1610612745,HOU,37.0,46,4,763.0,92,183,0.503,16,57,0.281,82,98,0.837,27,68,95,33,8,21,31,68,282
1630182,Josh Green,1610612742,DAL,23.0,35,18,940.0,110,234,0.47,46,117,0.393,20,36,0.556,21,85,106,88,24,5,39,73,286
1631100,AJ Griffin,1610612737,ATL,20.0,18,0,133.0,13,45,0.289,9,33,0.273,2,2,1.0,2,12,14,4,1,1,6,6,37
1629656,Quentin Grimes,1610612752,NYK,23.0,45,18,910.0,113,286,0.395,77,212,0.363,24,34,0.706,14,74,88,52,30,3,21,66,327
1631243,Mouhamed Gueye,1610612737,ATL,21.0,2,0,4.0,0,1,0.0,0,1,0.0,0,0,0.0,0,0,0,0,1,0,0,1,0
1629060,Rui Hachimura,1610612747,LAL,25.0,36,7,832.0,155,315,0.492,43,108,0.398,60,79,0.759,29,102,131,41,27,9,28,48,413
1630169,Tyrese Haliburton,1610612754,IND,23.0,37,36,1202.0,301,609,0.494,118,299,0.395,123,142,0.866,25,126,151,444,39,24,91,39,843
1630181,R.J. Hampton,1610612748,MIA,22.0,8,2,76.0,4,14,0.286,1,8,0.125,1,2,0.5,2,4,6,8,0,0,3,8,10
203501,Tim Hardaway Jr.,1610612742,DAL,31.0,45,10,1358.0,281,665,0.423,147,402,0.366,116,133,0.872,15,153,168,76,22,1,44,66,825
201935,James Harden,1610612746,LAC,34.0,42,42,1434.0,211,475,0.444,111,274,0.405,178,203,0.877,15,189,204,356,51,38,106,88,711
1630702,Jaden Hardy,1610612742,DAL,21.0,43,6,693.0,127,325,0.391,59,166,0.355,33,47,0.702,14,76,90,78,15,3,35,53,346
1631199,Ron Harper Jr.,1610612761,TOR,23.0,1,0,4.0,0,0,0.0,0,0,0.0,0,0,0.0,0,0,0,1,0,0,0,2,0
203914,Gary Harris,1610612753,ORL,29.0,28,6,633.0,67,155,0.432,36,108,0.333,24,31,0.774,13,34,47,51,23,5,15,48,194
203925,Joe Harris,1610612765,DET,32.0,15,0,158.0,13,36,0.361,10,29,0.345,1,2,0.5,3,10,13,10,3,2,4,18,37
1630284,Kevon Harris,1610612753,ORL,26.0,1,0,3.0,0,0,0.0,0,0,0.0,0,0,0.0,0,1,1,0,0,0,1,1,0
202699,Tobias Harris,1610612755,PHI,31.0,44,44,1495.0,299,584,0.512,53,154,0.344,138,153,0.902,50,213,263,142,42,23,63,74,789
1628404,Josh Hart,1610612752,NYK,28.0,48,9,1387.0,136,315,0.432,40,133,0.301,40,48,0.833,61,266,327,142,36,14,59,88,352
1628392,Isaiah Hartenstein,1610612752,NYK,25.0,47,21,1196.0,130,209,0.622,1,3,0.333,63,91,0.692,159,247,406,94,55,50,54,135,324
1630573,Sam Hauser,1610612738,BOS,26.0,48,5,1040.0,138,308,0.448,110,264,0.417,11,13,0.846,31,134,165,48,20,13,24,64,397
1641722,Jordan Hawkins,1610612740,NOP,21.0,44,10,942.0,147,367,0.401,92,241,0.382,61,72,0.847,25,100,125,60,15,4,35,60,447
1629637,Jaxson Hayes,1610612747,LAL,23.0,39,3,413.0,56,81,0.691,0,5,0.0,20,34,0.588,24,54,78,15,15,14,21,69,132
1630165,Killian Hayes,1610612765,DET,22.0,41,30,979.0,114,276,0.413,20,70,0.286,33,50,0.66,11,104,115,196,36,20,50,73,281
202330,Gordon Hayward,1610612766,CHA,33.0,25,25,798.0,139,297,0.468,22,61,0.361,62,81,0.765,25,92,117,116,28,12,51,46,362
1630703,Scoot Henderson,1610612757,POR,20.0,40,15,1061.0,178,469,0.38,49,156,0.314,105,131,0.802,34,83,117,180,23,10,119,120,510
1641707,Taylor Hendricks,1610612762,UTA,20.0,13,0,182.0,23,58,0.397,12,35,0.343,6,8,0.75,11,18,29,6,9,7,9,12,64
1629639,Tyler Herro,1610612748,MIA,24.0,30,30,1016.0,234,546,0.429,100,248,0.403,62,74,0.838,16,145,161,128,29,2,69,46,630
1627741,Buddy Hield,1610612754,IND,31.0,50,28,1300.0,223,506,0.441,134,350,0.383,28,33,0.848,34,129,163,133,43,31,61,100,608
1629312,Haywood Highsmith,1610612748,MIA,27.0,35,23,735.0,76,176,0.432,39,104,0.375,19,24,0.792,29,72,101,41,32,18,24,69,210
1630207,Nate Hinton,1610612745,HOU,24.0,9,0,38.0,6,13,0.462,4,6,0.667,0,0,0.0,2,6,8,2,1,1,2,7,16
1641793,D'Moi Hodge,1610612747,LAL,25.0,7,0,41.0,5,15,0.333,3,12,0.25,1,2,0.5,0,0,0,5,1,1,1,4,14
1628988,Aaron Holiday,1610612745,HOU,27.0,45,1,767.0,104,234,0.444,51,129,0.395,31,34,0.912,12,70,82,77,24,3,35,67,290
201950,Jrue Holiday,1610612738,BOS,33.0,45,45,1510.0,226,486,0.465,92,217,0.424,53,64,0.828,62,209,271,207,35,34,86,72,597
203200,Justin Holiday,1610612743,DEN,34.0,28,6,361.0,37,76,0.487,22,52,0.423,0,0,0.0,4,27,31,26,17,2,6,33,96
1626158,Richaun Holmes,1610612742,DAL,30.0,22,2,232.0,33,59,0.559,0,0,0.0,12,21,0.571,33,44,77,13,3,9,12,33,78
1631096,Chet Holmgren,1610612760,OKC,21.0,49,49,1468.0,310,581,0.534,79,205,0.385,120,156,0.769,74,297,371,134,30,127,82,121,819
1641720,Jalen Hood-Schifino,1610612747,LAL,20.0,15,0,92.0,8,35,0.229,1,11,0.091,10,16,0.625,2,8,10,8,3,2,8,11,27
201143,Al Horford,1610612738,BOS,37.0,40,19,1080.0,115,240,0.479,66,161,0.41,12,14,0.857,51,222,273,114,18,39,31,63,308
1629659,Talen Horton-Tucker,1610612762,UTA,23.0,32,11,675.0,127,309,0.411,38,114,0.333,52,65,0.8,12,67,79,130,33,11,51,62,344
1627863,Danuel House Jr.,1610612755,PHI,30.0,32,2,477.0,42,95,0.442,15,47,0.319,33,44,0.75,14,36,50,27,15,5,18,40,132
1631216,Caleb Houstan,1610612753,ORL,21.0,36,7,562.0,57,149,0.383,50,139,0.36,17,22,0.773,21,40,61,23,10,1,13,44,181
1641724,Jett Howard,1610612753,ORL,20.0,11,0,42.0,7,19,0.368,4,14,0.286,2,4,0.5,1,4,5,3,0,1,2,1,20
1628989,Kevin Huerter,1610612758,SAC,25.0,45,40,1124.0,185,412,0.449,93,253,0.368,30,39,0.769,25,146,171,124,31,17,32,104,493
1630643,Jay Huff,1610612743,DEN,26.0,7,0,18.0,3,6,0.5,1,4,0.25,0,0,0.0,0,1,1,1,1,0,1,5,7
1629631,De'Andre Hunter,1610612737,ATL,26.0,25,24,743.0,124,270,0.459,48,119,0.403,68,75,0.907,15,84,99,34,20,9,39,73,364
1630538,Bones Hyland,1610612746,LAC,23.0,19,2,251.0,44,120,0.367,20,64,0.313,10,12,0.833,3,14,17,33,10,1,23,27,118
204060,Joe Ingles,1610612753,ORL,36.0,35,0,626.0,57,143,0.399,37,95,0.389,17,20,0.85,15,73,88,109,24,3,35,56,168
1627742,Brandon Ingram,1610612740,NOP,26.0,45,45,1494.0,359,736,0.488,60,171,0.351,186,231,0.805,31,193,224,253,36,23,112,102,964
202681,Kyrie Irving,1610612742,DAL,31.0,27,27,899.0,250,530,0.472,78,190,0.411,102,114,0.895,21,116,137,143,36,12,44,50,680
1628371,Jonathan Isaac,1610612753,ORL,26.0,31,1,444.0,69,148,0.466,16,57,0.281,38,50,0.76,35,87,122,12,23,36,14,36,192
1631093,Jaden Ivey,1610612765,DET,21.0,44,28,1183.0,227,496,0.458,61,182,0.335,127,178,0.713,62,107,169,161,32,27,102,122,642
1641713,GG Jackson,1610612763,MEM,19.0,17,0,277.0,44,102,0.431,22,56,0.393,26,36,0.722,13,36,49,13,6,9,11,18,136
1630543,Isaiah Jackson,1610612754,IND,22.0,37,2,510.0,102,157,0.65,0,3,0.0,50,70,0.714,57,98,155,33,24,44,27,102,254
202704,Reggie Jackson,1610612743,DEN,33.0,50,14,1158.0,220,477,0.461,67,177,0.379,50,65,0.769,18,84,102,199,29,9,68,94,557
1641748,Andre Jackson Jr.,1610612749,MIL,22.0,39,8,449.0,43,78,0.551,14,36,0.389,8,9,0.889,36,50,86,37,11,4,19,76,108
1628991,Jaren Jackson Jr.,1610612763,MEM,24.0,47,47,1494.0,355,799,0.444,80,256,0.313,248,298,0.832,57,206,263,96,49,75,104,165,1038
1631218,Trayce Jackson-Davis,1610612744,GSW,23.0,34,3,475.0,97,141,0.688,0,0,0.0,35,62,0.565,55,87,142,32,12,28,23,54,229
2544,LeBron James,1610612747,LAL,39.0,44,44,1527.0,410,788,0.52,95,239,0.397,180,248,0.726,40,288,328,339,57,25,146,52,1095
1631170,Jaime Jaquez Jr.,1610612748,MIA,22.0,43,15,1279.0,220,438,0.502,42,124,0.339,89,106,0.84,51,113,164,113,47,11,71,105,571
1629610,DaQuan Jeffries,1610612752,NYK,26.0,10,0,30.0,5,12,0.417,1,5,0.2,0,2,0.0,0,5,5,2,0,0,1,2,11
1629660,Ty Jerome,1610612739,CLE,26.0,2,0,15.0,2,4,0.5,0,1,0.0,0,0,0.0,1,0,1,3,0,0,1,2,4
1630198,Isaiah Joe,1610612760,OKC,24.0,47,0,883.0,139,301,0.462,95,224,0.424,32,38,0.842,19,93,112,52,29,13,28,55,405
1629661,Cameron Johnson,1610612751,BKN,27.0,38,38,1079.0,196,429,0.457,94,232,0.405,45,61,0.738,41,133,174,98,29,7,35,71,531
1630552,Jalen Johnson,1610612737,ATL,22.0,34,31,1126.0,210,390,0.538,41,111,0.369,69,92,0.75,40,240,280,108,46,27,64,90,530
1629640,Keldon Johnson,1610612759,SAS,24.0,45,26,1377.0,272,602,0.452,79,234,0.338,127,163,0.779,65,201,266,147,40,14,74,107,750
1630553,Keon Johnson,1610612751,BKN,21.0,1,0,21.0,3,8,0.375,2,4,0.5,4,4,1.0,0,1,1,1,1,1,1,1,12
1641749,Keyontae Johnson,1610612760,OKC,23.0,7,0,57.0,4,12,0.333,1,2,0.5,0,0,0.0,3,3,6,4,0,0,4,4,9
203999,Nikola Jokic,1610612743,DEN,28.0,48,48,1622.0,492,838,0.587,50,138,0.362,228,279,0.817,148,443,591,435,56,45,142,124,1262
1641732,Colby Jones,1610612758,SAC,21.0,15,0,110.0,16,42,0.381,1,13,0.077,2,3,0.667,9,12,21,9,4,1,5,15,35
1627745,Damian Jones,1610612739,CLE,28.0,21,0,140.0,17,32,0.531,2,7,0.286,10,11,0.909,9,22,31,8,3,8,8,15,46
1630529,Herbert Jones,1610612740,NOP,25.0,44,44,1253.0,171,346,0.494,61,154,0.396,77,90,0.856,49,108,157,109,49,41,52,125,480
1630200,Tre Jones,1610612759,SAS,24.0,44,15,1142.0,169,336,0.503,29,99,0.293,61,69,0.884,32,107,139,254,43,6,63,58,428
1626145,Tyus Jones,1610612764,WAS,27.0,48,48,1371.0,243,494,0.492,71,178,0.399,25,33,0.758,15,122,137,303,56,15,42,37,582
1627884,Derrick Jones Jr.,1610612742,DAL,26.0,43,42,1109.0,160,329,0.486,59,169,0.349,56,76,0.737,52,104,156,44,35,36,41,83,435
201599,DeAndre Jordan,1610612743,DEN,35.0,25,1,297.0,42,65,0.646,0,0,0.0,21,47,0.447,42,75,117,19,5,13,19,44,105
202709,Cory Joseph,1610612744,GSW,32.0,25,0,291.0,20,60,0.333,11,39,0.282,4,7,0.571,6,23,29,41,4,3,12,25,55
1631107,Nikola Jovic,1610612748,MIA,20.0,19,12,317.0,37,92,0.402,19,45,0.422,11,20,0.55,17,65,82,36,6,7,18,37,104
1630548,Johnny Juzang,1610612762,UTA,22.0,1,0,4.0,0,2,0.0,0,2,0.0,0,0,0.0,0,0,0,1,0,0,0,0,0
1628379,Luke Kennard,1610612763,MEM,27.0,22,9,536.0,76,176,0.432,59,135,0.437,17,19,0.895,9,60,69,68,10,1,21,22,228
1631117,Walker Kessler,1610612762,UTA,22.0,42,13,970.0,157,238,0.66,4,16,0.25,34,66,0.515,107,204,311,32,19,114,42,88,352
1630296,Braxton Key,1610612743,DEN,26.0,14,0,45.0,5,14,0.357,1,4,0.25,4,5,0.8,2,8,10,8,2,0,1,4,15
1630557,Corey Kispert,1610612764,WAS,24.0,47,1,1028.0,194,402,0.483,93,253,0.368,63,83,0.759,14,92,106,69,15,8,48,71,544
1628467,Maxi Kleber,1610612742,DAL,32.0,13,2,243.0,15,43,0.349,7,24,0.292,10,15,0.667,9,30,39,19,2,8,12,29,47
1628995,Kevin Knox II,1610612765,DET,24.0,30,10,547.0,86,183,0.47,31,92,0.337,20,22,0.909,18,56,74,22,13,7,21,49,223
1629723,John Konchar,1610612763,MEM,27.0,39,10,729.0,55,135,0.407,23,77,0.299,11,14,0.786,45,121,166,66,29,36,25,47,144
1627788,Furkan Korkmaz,1610612755,PHI,26.0,32,0,251.0,27,69,0.391,13,37,0.351,11,16,0.688,1,20,21,24,13,1,9,15,78
1628436,Luke Kornet,1610612738,BOS,28.0,33,2,499.0,74,108,0.685,0,0,0.0,26,29,0.897,61,67,128,29,13,33,15,45,174
1630228,Jonathan Kuminga,1610612744,GSW,21.0,44,18,1080.0,251,466,0.539,37,112,0.33,125,174,0.718,53,148,201,72,31,16,66,98,664
1628398,Kyle Kuzma,1610612764,WAS,28.0,48,48,1511.0,410,902,0.455,106,322,0.329,121,151,0.801,48,263,311,204,20,31,126,99,1047
1631222,Jake LaRavia,1610612763,MEM,22.0,11,0,122.0,16,43,0.372,5,24,0.208,3,4,0.75,7,9,16,6,1,1,4,19,40
203897,Zach LaVine,1610612741,CHI,28.0,25,23,872.0,170,376,0.452,59,169,0.349,88,103,0.854,8,121,129,98,21,8,52,57,487
1629111,Jock Landale,1610612745,HOU,28.0,27,0,249.0,24,62,0.387,2,17,0.118,11,15,0.733,34,22,56,16,7,10,10,26,61
1630639,A.J. Lawson,1610612742,DAL,23.0,22,0,213.0,34,76,0.447,12,38,0.316,12,17,0.706,10,18,28,13,9,3,10,17,92
1627747,Caris LeVert,1610612739,CLE,29.0,36,1,1024.0,200,471,0.425,66,196,0.337,90,119,0.756,17,105,122,147,38,15,56,59,556
1630240,Saben Lee,1610612756,PHX,24.0,11,0,75.0,9,21,0.429,0,5,0.0,13,17,0.765,5,7,12,12,3,3,5,6,31
203458,Alex Len,1610612758,SAC,30.0,17,0,149.0,18,29,0.621,0,2,0.0,4,10,0.4,23,33,56,19,3,8,11,19,40
202695,Kawhi Leonard,1610612746,LAC,32.0,43,43,1477.0,392,739,0.53,99,220,0.45,155,175,0.886,49,220,269,159,72,38,65,65,1038
1641721,Maxwell Lewis,1610612747,LAL,21.0,18,0,67.0,3,12,0.25,1,3,0.333,0,0,0.0,1,2,3,3,2,0,5,3,7
1630604,E.J. Liddell,1610612740,NOP,23.0,8,0,23.0,1,6,0.167,0,5,0.0,2,2,1.0,0,5,5,1,2,2,2,2,4
203081,Damian Lillard,1610612749,MIL,33.0,45,45,1587.0,333,790,0.422,133,388,0.343,331,358,0.925,26,168,194,304,48,7,111,71,1130
1629642,Nassir Little,1610612756,PHX,23.0,28,2,376.0,46,95,0.484,16,52,0.308,17,20,0.85,14,47,61,16,10,8,12,31,125
1641726,Dereck Lively II,1610612742,DAL,19.0,36,35,935.0,150,203,0.739,0,2,0.0,31,57,0.544,104,180,284,47,23,50,42,111,331
1630587,Isaiah Livers,1610612765,DET,25.0,23,6,469.0,40,116,0.345,22,77,0.286,12,18,0.667,15,33,48,25,13,5,16,43,114
1641753,Chris Livingston,1610612749,MIL,20.0,13,0,59.0,7,13,0.538,1,1,1.0,2,2,1.0,2,11,13,4,2,0,3,7,17
1626172,Kevon Looney,1610612744,GSW,27.0,45,36,869.0,101,163,0.62,0,1,0.0,39,57,0.684,107,192,299,102,23,15,36,106,241
201572,Brook Lopez,1610612749,MIL,35.0,48,48,1531.0,240,489,0.491,85,244,0.348,72,87,0.828,76,188,264,78,30,132,45,127,637
201577,Robin Lopez,1610612749,MIL,35.0,13,0,38.0,3,8,0.375,2,6,0.333,2,2,1.0,1,2,3,4,0,1,1,4,10
201567,Kevin Love,1610612748,MIA,35.0,38,5,679.0,109,248,0.44,58,170,0.341,74,94,0.787,41,196,237,88,13,6,29,66,350
200768,Kyle Lowry,1610612748,MIA,37.0,37,35,1037.0,103,242,0.426,62,161,0.385,35,42,0.833,25,104,129,147,39,15,53,94,303
1641754,Seth Lundy,1610612737,ATL,23.0,9,0,52.0,4,17,0.235,3,13,0.231,3,4,0.75,1,6,7,0,0,0,1,6,14
1626168,Trey Lyles,1610612758,SAC,28.0,33,0,659.0,80,177,0.452,51,129,0.395,23,36,0.639,31,118,149,42,7,9,20,52,234
1630177,Theo Maledon,1610612766,CHA,22.0,13,1,200.0,19,66,0.288,5,30,0.167,11,12,0.917,4,19,23,28,7,0,15,18,54
1630572,Sandro Mamukelashvili,1610612759,SAS,24.0,26,0,177.0,24,59,0.407,8,32,0.25,12,16,0.75,16,34,50,25,4,8,8,19,68
1629611,Terance Mann,1610612746,LAC,27.0,41,37,1029.0,121,263,0.46,36,121,0.298,37,48,0.771,48,79,127,73,25,11,25,75,315
1630544,Tre Mann,1610612760,OKC,22.0,13,0,119.0,20,40,0.5,8,19,0.421,1,1,1.0,4,20,24,20,3,0,9,3,49
1626246,Boban Marjanovic,1610612745,HOU,35.0,9,0,48.0,10,21,0.476,0,2,0.0,3,6,0.5,6,16,22,4,0,1,2,4,23
1628374,Lauri Markkanen,1610612762,UTA,26.0,40,40,1300.0,317,640,0.495,128,322,0.398,182,207,0.879,96,252,348,78,36,21,48,76,944
1630230,Naji Marshall,1610612740,NOP,26.0,40,1,741.0,102,228,0.447,33,89,0.371,57,73,0.781,39,102,141,78,27,7,40,59,294
1628997,Caleb Martin,1610612748,MIA,28.0,32,12,843.0,123,278,0.442,37,99,0.374,42,55,0.764,38,111,149,70,23,9,39,66,325
1628998,Cody Martin,1610612766,CHA,28.0,17,11,440.0,47,126,0.373,17,51,0.333,12,23,0.522,13,41,54,54,19,11,23,30,123
1629726,Garrison Mathews,1610612737,ATL,27.0,33,3,417.0,39,86,0.453,36,80,0.45,4,9,0.444,8,32,40,16,8,3,15,55,118
1631097,Bennedict Mathurin,1610612754,IND,21.0,48,15,1237.0,248,536,0.463,62,167,0.371,145,173,0.838,49,137,186,95,28,10,80,93,703
202083,Wesley Matthews,1610612737,ATL,37.0,20,1,226.0,12,45,0.267,8,35,0.229,14,19,0.737,4,23,27,12,9,4,6,28,46
1630178,Tyrese Maxey,1610612755,PHI,23.0,43,43,1614.0,387,853,0.454,136,355,0.383,219,253,0.866,24,129,153,277,43,24,66,92,1129
1630540,Miles McBride,1610612752,NYK,23.0,36,2,379.0,67,147,0.456,41,90,0.456,12,15,0.8,4,21,25,32,17,3,12,39,187
203468,CJ McCollum,1610612740,NOP,32.0,35,35,1127.0,241,518,0.465,118,274,0.431,71,90,0.789,21,127,148,165,40,30,60,76,671
204456,T.J. McConnell,1610612754,IND,31.0,39,4,669.0,137,260,0.527,3,18,0.167,35,46,0.761,20,80,100,215,42,4,57,41,312
1630183,Jaden McDaniels,1610612750,MIN,23.0,39,38,1125.0,175,341,0.513,49,133,0.368,27,35,0.771,29,76,105,52,36,18,46,124,426
1629667,Jalen McDaniels,1610612761,TOR,26.0,30,0,274.0,34,99,0.343,11,50,0.22,14,20,0.7,8,29,37,16,11,3,13,27,93
203926,Doug McDermott,1610612759,SAS,32.0,44,0,670.0,91,207,0.44,73,167,0.437,10,17,0.588,8,39,47,54,10,2,24,44,265
201580,JaVale McGee,1610612758,SAC,36.0,36,0,295.0,72,111,0.649,0,3,0.0,25,41,0.61,36,72,108,14,9,19,31,41,169
1631121,Bryce McGowens,1610612766,CHA,21.0,38,12,617.0,70,155,0.452,25,72,0.347,35,47,0.745,13,53,66,37,13,4,22,55,200
1629162,Jordan McLaughlin,1610612750,MIN,27.0,28,0,255.0,28,67,0.418,15,38,0.395,3,6,0.5,9,19,28,50,22,5,10,13,74
1629001,De'Anthony Melton,1610612755,PHI,25.0,33,33,959.0,129,328,0.393,70,193,0.363,62,75,0.827,27,105,132,105,54,15,38,79,390
1630241,Sam Merrill,1610612739,CLE,27.0,31,0,507.0,90,206,0.437,77,176,0.438,10,11,0.909,14,49,63,48,10,1,10,40,267
1629002,Chimezie Metu,1610612756,PHX,26.0,36,5,440.0,64,126,0.508,15,51,0.294,38,43,0.884,23,84,107,18,19,9,25,39,181
203995,Vasilije Micic,1610612760,OKC,30.0,28,0,336.0,36,86,0.419,10,41,0.244,14,19,0.737,1,21,22,70,9,3,26,22,96
203114,Khris Middleton,1610612749,MIL,32.0,41,41,1083.0,235,479,0.491,71,188,0.378,76,91,0.835,25,153,178,207,36,13,86,98,617
1641706,Brandon Miller,1610612766,CHA,21.0,41,35,1271.0,240,548,0.438,90,235,0.383,68,83,0.819,34,125,159,96,29,20,64,108,638
1641757,Jordan Miller,1610612746,LAC,24.0,4,0,16.0,3,5,0.6,1,1,1.0,0,0,0.0,2,1,3,0,0,0,1,2,7
1631159,Leonard Miller,1610612750,MIN,20.0,5,0,19.0,6,9,0.667,1,3,0.333,0,0,0.0,0,9,9,1,1,1,1,3,13
201988,Patty Mills,1610612737,ATL,35.0,17,0,185.0,19,49,0.388,13,33,0.394,0,0,0.0,5,13,18,13,8,1,8,17,51
1629003,Shake Milton,1610612750,MIN,27.0,37,0,486.0,64,157,0.408,14,53,0.264,36,44,0.818,7,42,49,50,16,5,28,44,178
1631303,Justin Minaya,1610612757,POR,24.0,13,0,116.0,6,20,0.3,3,13,0.231,3,6,0.5,5,8,13,5,4,5,3,9,18
1631169,Josh Minott,1610612750,MIN,21.0,15,0,46.0,8,18,0.444,0,5,0.0,10,12,0.833,1,2,3,3,1,3,1,6,26
1630558,Davion Mitchell,1610612758,SAC,25.0,37,3,467.0,51,135,0.378,18,69,0.261,14,19,0.737,6,31,37,63,9,2,21,42,134
1628378,Donovan Mitchell,1610612739,CLE,27.0,37,37,1316.0,365,783,0.466,118,339,0.348,193,226,0.854,37,164,201,236,69,17,105,83,1041
1630596,Evan Mobley,1610612739,CLE,22.0,23,23,748.0,150,262,0.573,2,11,0.182,52,67,0.776,58,174,232,65,19,35,51,65,354
1630600,Isaiah Mobley,1610612739,CLE,24.0,3,0,14.0,2,4,0.5,1,2,0.5,0,0,0.0,0,2,2,4,1,0,1,2,5
1628370,Malik Monk,1610612758,SAC,25.0,46,0,1167.0,226,517,0.437,104,276,0.377,106,131,0.809,17,103,120,246,28,28,98,90,662
1630541,Moses Moody,1610612744,GSW,21.0,34,4,611.0,107,222,0.482,38,106,0.358,45,57,0.789,38,67,105,28,23,10,24,47,297
1631111,Wendell Moore Jr.,1610612750,MIN,22.0,12,0,37.0,4,6,0.667,0,2,0.0,0,0,0.0,0,5,5,1,4,1,2,4,8
1629630,Ja Morant,1610612763,MEM,24.0,9,9,318.0,80,170,0.471,14,51,0.275,52,64,0.813,6,44,50,73,7,5,27,19,226
202693,Markieff Morris,1610612742,DAL,34.0,16,1,150.0,15,47,0.319,9,28,0.321,3,4,0.75,4,24,28,11,5,1,9,11,42
1628420,Monte Morris,1610612765,DET,28.0,5,0,60.0,11,28,0.393,2,9,0.222,1,2,0.5,0,8,8,8,1,1,2,1,25
202694,Marcus Morris Sr.,1610612755,PHI,34.0,35,6,594.0,84,190,0.442,34,85,0.4,31,36,0.861,18,83,101,25,11,10,17,59,233
1630530,Trey Murphy III,1610612740,NOP,23.0,24,5,621.0,104,243,0.428,60,168,0.357,39,50,0.78,12,79,91,42,17,7,14,29,307
1627749,Dejounte Murray,1610612737,ATL,27.0,47,47,1639.0,388,825,0.47,109,290,0.376,126,151,0.834,32,206,238,243,61,13,105,81,1011
1627750,Jamal Murray,1610612743,DEN,26.0,36,36,1144.0,283,602,0.47,85,213,0.399,104,121,0.86,25,117,142,234,28,25,69,71,755
1631099,Keegan Murray,1610612758,SAC,23.0,43,43,1415.0,259,555,0.467,104,283,0.367,61,77,0.792,58,174,232,69,49,27,37,111,683
1631200,Kris Murray,1610612757,POR,23.0,29,0,360.0,36,98,0.367,15,51,0.294,8,12,0.667,19,34,53,16,22,5,14,23,95
1629004,Svi Mykhailiuk,1610612738,BOS,26.0,21,0,161.0,19,58,0.328,14,47,0.298,3,6,0.5,5,13,18,7,7,0,6,11,55
1626204,Larry Nance Jr.,1610612740,NOP,31.0,31,0,551.0,68,120,0.567,18,39,0.462,24,30,0.8,41,118,159,41,30,13,23,38,178
1629614,Andrew Nembhard,1610612754,IND,24.0,36,15,776.0,138,285,0.484,26,79,0.329,28,35,0.8,21,43,64,165,29,2,66,72,330
1630174,Aaron Nesmith,1610612754,IND,24.0,45,20,1207.0,204,394,0.518,96,209,0.459,53,74,0.716,44,133,177,64,47,30,40,151,557
1627777,Georges Niang,1610612739,CLE,30.0,46,1,1018.0,157,360,0.436,81,223,0.363,31,36,0.861,16,158,174,59,11,10,34,107,426
1630227,Daishen Nix,1610612750,MIN,21.0,6,0,21.0,3,8,0.375,2,5,0.4,0,2,0.0,0,1,1,0,1,0,0,0,8
1630192,Zeke Nnaji,1610612743,DEN,23.0,37,0,347.0,42,92,0.457,5,16,0.313,25,39,0.641,41,38,79,20,9,20,24,56,114
1641806,Markquis Nowell,1610612761,TOR,24.0,1,0,4.0,0,1,0.0,0,0,0.0,2,2,1.0,2,0,2,2,1,0,0,0,2
1628373,Frank Ntilikina,1610612766,CHA,25.0,5,0,43.0,1,9,0.111,1,8,0.125,2,2,1.0,1,5,6,4,0,0,1,4,5
203994,Jusuf Nurkic,1610612756,PHX,29.0,46,46,1258.0,210,411,0.511,21,79,0.266,105,149,0.705,119,352,471,165,46,47,96,153,546
1626220,Royce O'Neale,1610612751,BKN,30.0,46,6,1117.0,112,292,0.384,86,238,0.361,13,20,0.65,35,173,208,132,31,29,47,113,323
1629643,Chuma Okeke,1610612753,ORL,25.0,29,8,368.0,36,95,0.379,22,71,0.31,2,5,0.4,18,53,71,17,7,7,11,18,96
1629006,Josh Okogie,1610612756,PHX,25.0,43,11,781.0,68,167,0.407,21,77,0.273,64,89,0.719,54,71,125,52,39,20,23,61,221
1630168,Onyeka Okongwu,1610612737,ATL,23.0,47,3,1162.0,173,288,0.601,16,52,0.308,78,96,0.813,117,194,311,64,22,48,40,136,440
1630171,Isaac Okoro,1610612739,CLE,23.0,37,24,976.0,119,240,0.496,34,89,0.382,57,83,0.687,47,72,119,69,33,14,30,79,329
203482,Kelly Olynyk,1610612762,UTA,32.0,48,8,982.0,139,247,0.563,35,82,0.427,75,89,0.843,59,184,243,206,37,12,81,127,388
1630647,Eugene Omoruyi,1610612764,WAS,26.0,19,0,110.0,32,55,0.582,5,17,0.294,16,21,0.762,11,17,28,11,9,1,9,20,85
1626224,Cedi Osman,1610612759,SAS,28.0,49,1,892.0,135,282,0.479,58,158,0.367,31,46,0.674,19,105,124,89,26,9,32,77,359
1626162,Kelly Oubre Jr.,1610612755,PHI,28.0,35,24,983.0,177,374,0.473,53,155,0.342,60,84,0.714,36,113,149,38,41,20,31,98,467
101108,Chris Paul,1610612744,GSW,38.0,32,11,882.0,104,245,0.424,43,119,0.361,35,42,0.833,10,111,121,230,36,3,38,59,286
1626166,Cameron Payne,1610612749,MIL,29.0,44,2,659.0,96,209,0.459,50,124,0.403,35,40,0.875,4,49,53,101,19,3,29,69,277
1627780,Gary Payton II,1610612744,GSW,31.0,16,0,261.0,36,79,0.456,9,32,0.281,6,9,0.667,16,32,48,13,17,5,10,29,87
1641763,Julian Phillips,1610612741,CHI,20.0,25,0,154.0,16,37,0.432,4,19,0.211,6,11,0.545,5,10,15,8,1,4,5,21,42
1629618,Jalen Pickett,1610612743,DEN,24.0,16,0,97.0,12,28,0.429,7,20,0.35,2,2,1.0,1,10,11,12,3,0,6,8,33
203486,Mason Plumlee,1610612746,LAC,33.0,17,8,306.0,42,64,0.656,0,0,0.0,26,42,0.619,27,72,99,20,6,6,10,25,110
1641764,Brandin Podziemski,1610612744,GSW,20.0,39,11,980.0,145,311,0.466,48,128,0.375,25,40,0.625,59,154,213,137,34,6,49,73,363
1627751,Jakob Poeltl,1610612761,TOR,28.0,37,37,975.0,173,253,0.684,0,0,0.0,42,79,0.532,99,205,304,90,24,52,60,112,388
1630197,Aleksej Pokusevski,1610612760,OKC,22.0,9,0,55.0,4,15,0.267,2,10,0.2,2,4,0.5,2,8,10,5,1,1,3,5,12
1629673,Jordan Poole,1610612764,WAS,24.0,46,46,1348.0,272,664,0.41,90,296,0.304,123,142,0.866,17,86,103,162,48,17,100,140,757
1641854,Craig Porter,1610612739,CLE,23.0,29,5,462.0,84,164,0.512,7,21,0.333,32,46,0.696,14,63,77,91,17,12,33,30,207
1629008,Michael Porter Jr.,1610612743,DEN,25.0,50,50,1579.0,305,646,0.472,135,343,0.394,47,61,0.77,63,287,350,67,23,35,52,98,792
203490,Otto Porter Jr.,1610612761,TOR,30.0,15,1,174.0,14,33,0.424,8,23,0.348,3,3,1.0,6,23,29,8,5,5,2,19,39
1626171,Bobby Portis,1610612749,MIL,28.0,48,0,1118.0,238,476,0.5,53,140,0.379,62,80,0.775,74,252,326,47,31,20,43,119,591
204001,Kristaps Porzingis,1610612738,BOS,28.0,35,35,1041.0,226,435,0.52,63,180,0.35,163,194,0.84,58,183,241,70,23,66,59,101,678
1630695,Micah Potter,1610612762,UTA,25.0,2,0,7.0,0,1,0.0,0,1,0.0,0,0,0.0,0,4,4,0,0,0,0,0,0
203939,Dwight Powell,1610612742,DAL,32.0,41,8,639.0,61,86,0.709,1,2,0.5,56,77,0.727,73,83,156,69,22,15,24,88,179
1626181,Norman Powell,1610612746,LAC,30.0,47,0,1194.0,223,450,0.496,98,217,0.452,90,106,0.849,8,118,126,50,25,17,41,88,634
1630563,Joshua Primo,1610612746,LAC,21.0,1,0,5.0,1,2,0.5,0,1,0.0,0,0,0.0,0,0,0,0,0,1,3,0,2
1627752,Taurean Prince,1610612747,LAL,29.0,47,47,1431.0,162,379,0.427,96,249,0.386,29,39,0.744,11,128,139,82,43,22,42,105,449
1630202,Payton Pritchard,1610612738,BOS,26.0,49,0,1028.0,137,323,0.424,82,217,0.378,27,34,0.794,45,109,154,142,21,6,28,62,383
1641765,Olivier-Maxence Prosper,1610612742,DAL,21.0,25,0,239.0,23,65,0.354,8,32,0.25,23,34,0.676,16,40,56,19,2,2,4,17,77
1630243,Trevelin Queen,1610612753,ORL,26.0,12,0,155.0,14,36,0.389,3,16,0.188,9,12,0.75,3,15,18,18,7,5,7,14,40
1629674,Neemias Queta,1610612738,BOS,24.0,21,0,260.0,41,70,0.586,0,0,0.0,15,20,0.75,38,52,90,11,7,14,8,42,97
1631311,Lester Quinones,1610612744,GSW,23.0,11,0,88.0,13,31,0.419,8,19,0.421,3,4,0.75,5,13,18,6,1,1,7,11,37
203944,Julius Randle,1610612752,NYK,29.0,46,46,1630.0,395,836,0.472,76,244,0.311,236,302,0.781,99,324,423,229,25,12,159,125,1102
1641871,Duop Reath,1610612757,POR,27.0,37,11,654.0,124,259,0.479,51,133,0.383,38,50,0.76,52,93,145,44,19,18,28,92,337
1630559,Austin Reaves,1610612747,LAL,25.0,50,25,1533.0,269,551,0.488,84,234,0.359,154,179,0.86,37,159,196,259,45,6,105,90,776
1629629,Cam Reddish,1610612747,LAL,24.0,35,26,815.0,83,205,0.405,32,95,0.337,36,46,0.783,19,65,84,47,43,11,30,55,234
1630194,Paul Reed,1610612755,PHI,24.0,47,11,765.0,127,230,0.552,10,27,0.37,27,38,0.711,92,142,234,57,34,35,36,106,291
1629675,Naz Reid,1610612750,MIN,24.0,49,0,1097.0,227,463,0.49,96,230,0.417,52,69,0.754,45,180,225,53,35,35,62,97,602
1631197,Jared Rhoden,1610612765,DET,24.0,5,0,30.0,5,9,0.556,1,4,0.25,2,2,1.0,1,3,4,3,0,0,2,4,13
1630208,Nick Richards,1610612766,CHA,26.0,38,25,961.0,140,204,0.686,0,0,0.0,82,111,0.739,102,196,298,32,12,52,36,102,362
1626196,Josh Richardson,1610612748,MIA,30.0,39,5,1009.0,140,318,0.44,60,173,0.347,47,50,0.94,16,93,109,98,22,14,36,68,387
1629130,Duncan Robinson,1610612748,MIA,29.0,45,17,1239.0,206,456,0.452,124,307,0.404,58,66,0.879,11,100,111,128,27,8,62,102,594
1629010,Jerome Robinson,1610612744,GSW,26.0,8,0,28.0,0,9,0.0,0,5,0.0,4,6,0.667,1,2,3,2,0,1,0,1,4
1629011,Mitchell Robinson,1610612752,NYK,25.0,21,21,613.0,58,98,0.592,0,0,0.0,14,38,0.368,112,104,216,15,32,27,21,40,130
1631115,Orlando Robinson,1610612748,MIA,23.0,20,7,229.0,31,60,0.517,7,12,0.583,14,20,0.7,19,43,62,27,5,7,13,29,83
1630526,Jeremiah Robinson-Earl,1610612740,NOP,23.0,19,1,205.0,30,57,0.526,8,21,0.381,10,11,0.909,14,34,48,9,7,3,9,14,78
1631223,David Roddy,1610612763,MEM,22.0,46,12,1059.0,143,359,0.398,44,146,0.301,44,62,0.71,49,140,189,72,25,11,48,68,374
1631157,Ryan Rollins,1610612764,WAS,21.0,10,0,66.0,13,25,0.52,2,3,0.667,13,17,0.765,2,9,11,11,8,3,7,7,41
201565,Derrick Rose,1610612763,MEM,35.0,18,7,320.0,61,137,0.445,12,36,0.333,20,22,0.909,7,24,31,61,7,2,22,19,154
1641712,Rayan Rupert,1610612757,POR,19.0,16,0,119.0,15,43,0.349,7,17,0.412,5,8,0.625,7,14,21,11,3,0,6,7,42
1626156,D'Angelo Russell,1610612747,LAL,27.0,46,39,1421.0,290,621,0.467,119,284,0.419,85,108,0.787,18,107,125,288,38,24,91,92,784
1630346,Matt Ryan,1610612740,NOP,26.0,13,1,298.0,38,83,0.458,32,68,0.471,13,14,0.929,5,25,30,14,5,1,16,24,121
1627734,Domantas Sabonis,1610612758,SAC,27.0,47,47,1665.0,377,611,0.617,23,52,0.442,163,237,0.688,153,458,611,375,38,26,155,152,940
1629677,Luka Samanic,1610612762,UTA,24.0,22,0,134.0,22,57,0.386,5,21,0.238,14,17,0.824,7,32,39,4,1,3,9,14,63
1631257,Jermaine Samuels Jr.,1610612745,HOU,25.0,10,0,49.0,6,9,0.667,0,2,0.0,2,2,1.0,2,8,10,2,1,1,0,4,14
1641766,Adama Sanogo,1610612741,CHI,21.0,3,0,11.0,3,3,1.0,0,0,0.0,2,3,0.667,2,4,6,0,0,0,1,0,8
1630611,Gui Santos,1610612744,GSW,21.0,7,0,46.0,6,13,0.462,1,6,0.167,6,6,1.0,6,8,14,2,0,0,2,5,19
203967,Dario Saric,1610612744,GSW,29.0,44,9,903.0,156,324,0.481,68,165,0.412,70,82,0.854,62,178,240,113,27,8,56,97,450
1630846,Olivier Sarr,1610612760,OKC,24.0,11,0,81.0,7,14,0.5,2,6,0.333,7,10,0.7,8,23,31,2,0,6,3,17,23
1631204,Marcus Sasser,1610612765,DET,23.0,43,0,667.0,122,252,0.484,48,112,0.429,29,32,0.906,6,59,65,115,22,8,38,56,321
1629678,Admiral Schofield,1610612753,ORL,26.0,12,0,46.0,5,15,0.333,2,9,0.222,0,2,0.0,1,6,7,4,0,0,4,7,12
203471,Dennis Schroder,1610612761,TOR,30.0,48,33,1478.0,238,530,0.449,71,206,0.345,116,136,0.853,20,108,128,299,45,7,79,102,663
1631220,Dereon Seabron,1610612740,NOP,23.0,5,0,52.0,4,13,0.308,1,2,0.5,5,6,0.833,1,6,7,4,2,1,0,4,14
1630578,Alperen Sengun,1610612745,HOU,21.0,48,48,1565.0,415,763,0.544,27,95,0.284,186,257,0.724,129,318,447,247,56,34,126,157,1043
1641729,Brice Sensabaugh,1610612762,UTA,20.0,4,0,12.0,2,6,0.333,1,2,0.5,0,0,0.0,1,2,3,2,0,0,0,1,5
1629012,Collin Sexton,1610612762,UTA,25.0,50,27,1216.0,298,614,0.485,75,196,0.383,203,231,0.879,44,86,130,223,36,9,92,101,874
1629013,Landry Shamet,1610612764,WAS,26.0,31,0,462.0,84,189,0.444,39,104,0.375,31,39,0.795,9,31,40,42,16,7,19,53,238
1630549,Day'Ron Sharpe,1610612751,BKN,22.0,37,1,592.0,111,193,0.575,1,7,0.143,54,88,0.614,103,155,258,53,17,32,37,85,277
1631101,Shaedon Sharpe,1610612757,POR,20.0,32,25,1059.0,176,434,0.406,60,180,0.333,98,119,0.824,42,118,160,94,28,12,72,88,510
1641767,Ben Sheppard,1610612754,IND,22.0,28,0,307.0,31,86,0.36,16,57,0.281,11,14,0.786,7,32,39,24,15,0,5,39,89
1627732,Ben Simmons,1610612751,BKN,27.0,7,6,209.0,24,41,0.585,0,0,0.0,1,4,0.25,21,52,73,51,4,6,15,19,49
1629014,Anfernee Simons,1610612757,POR,24.0,27,27,910.0,218,495,0.44,91,235,0.387,97,108,0.898,15,79,94,139,13,4,67,57,624
1630579,Jericho Sims,1610612752,NYK,25.0,25,7,227.0,19,26,0.731,0,0,0.0,4,7,0.571,19,34,53,8,2,10,7,20,42
1641771,Jalen Slawson,1610612758,SAC,24.0,5,0,19.0,2,3,0.667,0,1,0.0,0,0,0.0,0,4,4,2,0,1,2,3,4
1630606,Javonte Smart,1610612755,PHI,24.0,1,0,1.0,0,0,0.0,0,0,0.0,0,0,0.0,0,0,0,0,0,0,0,0,0
203935,Marcus Smart,1610612763,MEM,29.0,20,20,605.0,102,237,0.43,42,134,0.313,43,56,0.768,6,47,53,86,41,5,62,53,289
1630696,Dru Smith,1610612748,MIA,26.0,9,0,131.0,15,33,0.455,7,17,0.412,2,2,1.0,6,8,14,14,9,3,5,12,39
202397,Ish Smith,1610612766,CHA,35.0,40,3,665.0,61,141,0.433,3,7,0.429,3,4,0.75,11,58,69,131,14,4,43,43,128
1630188,Jalen Smith,1610612754,IND,23.0,35,13,639.0,146,232,0.629,40,84,0.476,44,63,0.698,56,143,199,37,10,22,30,82,376
1631173,Terquavion Smith,1610612755,PHI,21.0,5,0,24.0,3,13,0.231,3,10,0.3,2,2,1.0,0,0,0,6,4,0,2,1,11
1628372,Dennis Smith Jr.,1610612751,BKN,26.0,32,1,627.0,92,212,0.434,16,60,0.267,29,36,0.806,33,73,106,128,38,7,39,77,229
1631095,Jabari Smith Jr.,1610612745,HOU,20.0,43,43,1349.0,213,452,0.471,72,192,0.375,77,95,0.811,81,280,361,63,27,32,51,119,575
1641733,Nick Smith Jr.,1610612766,CHA,19.0,32,0,489.0,80,188,0.426,45,94,0.479,4,5,0.8,15,32,47,35,5,7,28,38,209
1631110,Jeremy Sochan,1610612759,SAS,20.0,49,48,1446.0,223,501,0.445,50,138,0.362,79,102,0.775,91,210,301,185,36,22,97,119,575
1630531,Jaden Springer,1610612755,PHI,21.0,29,0,307.0,36,95,0.379,8,31,0.258,21,27,0.778,19,25,44,27,19,10,23,45,101
1630205,Lamar Stevens,1610612738,BOS,26.0,18,1,115.0,19,41,0.463,2,7,0.286,8,11,0.727,11,18,29,8,6,5,9,13,48
1630191,Isaiah Stewart,1610612765,DET,22.0,35,34,1070.0,142,302,0.47,49,131,0.374,53,71,0.746,63,175,238,61,13,27,54,86,386
1631124,Julian Strawther,1610612743,DEN,21.0,33,0,458.0,71,185,0.384,37,115,0.322,16,23,0.696,4,45,49,36,16,6,15,47,195
1629622,Max Strus,1610612739,CLE,27.0,46,46,1517.0,207,513,0.404,114,339,0.336,50,62,0.806,38,195,233,172,43,22,73,125,578
1630591,Jalen Suggs,1610612753,ORL,22.0,45,45,1200.0,198,444,0.446,91,236,0.386,71,92,0.772,32,115,147,108,64,28,87,128,558
1631306,Cole Swider,1610612748,MIA,24.0,9,0,44.0,9,21,0.429,5,15,0.333,0,0,0.0,1,1,2,3,1,1,3,2,23
1630256,Jae'Sean Tate,1610612745,HOU,28.0,45,9,816.0,83,174,0.477,19,65,0.292,20,28,0.714,43,105,148,51,30,9,20,108,205
1628369,Jayson Tatum,1610612738,BOS,25.0,46,46,1650.0,417,885,0.471,139,379,0.367,262,322,0.814,42,345,387,204,47,26,119,95,1235
1630678,Terry Taylor,1610612741,CHI,24.0,17,0,128.0,14,26,0.538,1,7,0.143,1,1,1.0,13,13,26,6,4,2,7,13,30
202066,Garrett Temple,1610612761,TOR,37.0,14,0,54.0,6,17,0.353,2,7,0.286,4,4,1.0,4,6,10,6,2,0,3,4,18
1631207,Dalen Terry,1610612741,CHI,21.0,32,1,311.0,25,67,0.373,8,38,0.211,16,22,0.727,10,42,52,38,9,8,17,38,74
1630560,Cam Thomas,1610612751,BKN,22.0,38,23,1100.0,292,650,0.449,73,204,0.358,148,179,0.827,11,91,102,90,24,12,68,74,805
1641708,Amen Thompson,1610612745,HOU,21.0,29,1,483.0,76,153,0.497,6,35,0.171,39,56,0.696,31,97,128,64,31,11,37,60,197
1641709,Ausar Thompson,1610612765,DET,21.0,48,24,1129.0,161,343,0.469,11,77,0.143,56,87,0.644,102,213,315,90,44,44,63,133,389
202691,Klay Thompson,1610612744,GSW,33.0,43,43,1323.0,263,625,0.421,145,380,0.382,81,89,0.91,23,123,146,100,22,23,70,85,752
202684,Tristan Thompson,1610612739,CLE,32.0,36,0,446.0,61,94,0.649,0,1,0.0,13,42,0.31,59,81,140,40,8,11,23,50,135
1630550,JT Thor,1610612766,CHA,21.0,39,1,538.0,50,137,0.365,19,60,0.317,7,13,0.538,38,64,102,15,8,17,11,40,126
1629680,Matisse Thybulle,1610612757,POR,26.0,47,15,1065.0,92,222,0.414,64,176,0.364,13,16,0.813,20,72,92,53,72,37,26,65,261
1630214,Xavier Tillman,1610612763,MEM,25.0,34,13,700.0,87,213,0.408,12,53,0.226,18,43,0.419,56,101,157,57,42,35,29,60,204
1631210,Jacob Toppin,1610612752,NYK,23.0,3,0,4.0,0,0,0.0,0,0,0.0,0,0,0.0,0,0,0,1,0,1,0,0,0
1630167,Obi Toppin,1610612754,IND,25.0,50,28,1153.0,220,388,0.567,63,160,0.394,54,71,0.761,57,144,201,78,25,26,41,100,557
1626157,Karl-Anthony Towns,1610612750,MIN,28.0,48,48,1597.0,391,752,0.52,106,242,0.438,200,229,0.873,68,346,414,147,34,28,141,157,1088
1629018,Gary Trent Jr.,1610612761,TOR,25.0,43,13,1121.0,191,443,0.431,105,248,0.423,28,43,0.651,12,82,94,65,36,5,29,54,515
1631131,Oscar Tshiebwe,1610612754,IND,24.0,6,0,34.0,8,16,0.5,0,0,0.0,5,6,0.833,6,6,12,2,2,0,0,1,21
1626167,Myles Turner,1610612754,IND,27.0,47,47,1285.0,288,556,0.518,64,190,0.337,157,200,0.785,78,248,326,60,25,86,70,150,797
1641816,Hunter Tyson,1610612743,DEN,23.0,9,0,27.0,1,7,0.143,0,6,0.0,0,0,0.0,0,6,6,1,0,0,2,6,2
1630649,Stanley Umude,1610612765,DET,24.0,15,0,155.0,20,44,0.455,14,27,0.519,21,23,0.913,3,25,28,8,4,5,10,24,75
202685,Jonas Valanciunas,1610612740,NOP,31.0,49,49,1288.0,274,478,0.573,30,87,0.345,117,148,0.791,128,345,473,116,23,52,68,149,695
1627832,Fred VanVleet,1610612745,HOU,29.0,46,46,1695.0,255,622,0.41,133,355,0.375,121,141,0.858,17,156,173,384,50,42,73,104,764
1629020,Jarred Vanderbilt,1610612747,LAL,24.0,29,6,581.0,59,114,0.518,8,27,0.296,24,36,0.667,41,97,138,36,36,5,28,43,150
1630170,Devin Vassell,1610612759,SAS,23.0,44,38,1388.0,301,643,0.468,109,298,0.366,108,136,0.794,16,141,157,157,48,11,61,47,819
1628426,Sasha Vezenkov,1610612758,SAC,28.0,33,0,419.0,72,158,0.456,36,96,0.375,7,10,0.7,30,55,85,14,15,7,11,31,187
1629216,Gabe Vincent,1610612747,LAL,27.0,5,0,127.0,12,32,0.375,2,17,0.118,1,2,0.5,2,3,5,15,6,0,2,12,27
202696,Nikola Vucevic,1610612741,CHI,33.0,44,42,1489.0,321,679,0.473,48,178,0.27,56,65,0.862,115,349,464,154,31,36,66,110,746
1629731,Dean Wade,1610612739,CLE,27.0,39,30,859.0,74,178,0.416,61,153,0.399,15,19,0.789,33,140,173,33,35,13,19,77,224
1630532,Franz Wagner,1610612753,ORL,22.0,41,41,1356.0,307,660,0.465,62,203,0.305,158,185,0.854,47,187,234,166,45,14,80,98,834
1629021,Moritz Wagner,1610612753,ORL,26.0,47,1,885.0,203,348,0.583,25,76,0.329,107,135,0.793,73,144,217,58,24,15,54,105,538
1630688,Ish Wainright,1610612757,POR,29.0,7,0,46.0,6,18,0.333,6,16,0.375,2,2,1.0,0,9,9,0,2,1,1,4,20
1631133,Jabari Walker,1610612757,POR,21.0,45,11,964.0,136,286,0.476,26,88,0.295,80,106,0.755,86,200,286,38,29,18,43,102,378
1641716,Jarace Walker,1610612754,IND,20.0,16,0,171.0,28,65,0.431,12,31,0.387,6,7,0.857,8,21,29,20,9,6,10,16,74
1629022,Lonnie Walker IV,1610612751,BKN,25.0,29,0,548.0,127,268,0.474,64,146,0.438,32,42,0.762,7,56,63,46,22,10,33,36,350
1641717,Cason Wallace,1610612760,OKC,20.0,49,8,1035.0,129,251,0.514,55,130,0.423,20,24,0.833,31,81,112,69,36,21,24,87,333
1641775,Jordan Walsh,1610612738,BOS,19.0,2,0,6.0,0,1,0.0,0,1,0.0,0,0,0.0,0,5,5,1,0,0,0,0,0
1629023,P.J. Washington,1610612766,CHA,25.0,41,17,1188.0,210,468,0.449,77,228,0.338,60,81,0.741,49,161,210,90,35,31,65,107,557
1631102,TyTy Washington Jr.,1610612749,MIL,22.0,2,0,6.0,1,3,0.333,1,2,0.5,0,0,0.0,0,1,1,0,1,0,2,0,3
1629139,Yuta Watanabe,1610612756,PHX,29.0,27,0,374.0,32,93,0.344,23,73,0.315,10,15,0.667,11,34,45,10,7,7,15,34,97
1630322,Lindy Waters III,1610612760,OKC,26.0,19,0,148.0,19,45,0.422,17,42,0.405,0,0,0.0,1,19,20,11,0,3,4,13,55
1630570,Trendon Watford,1610612751,BKN,23.0,33,0,388.0,74,138,0.536,10,29,0.345,24,29,0.828,29,61,90,51,15,7,25,53,182
1631212,Peyton Watson,1610612743,DEN,21.0,48,3,858.0,127,268,0.474,33,100,0.33,48,69,0.696,27,106,133,49,26,43,28,84,335
1641705,Victor Wembanyama,1610612759,SAS,20.0,43,43,1230.0,325,698,0.466,63,212,0.297,167,206,0.811,96,341,437,136,49,136,147,99,880
1631104,Blake Wesley,1610612759,SAS,20.0,28,1,327.0,43,86,0.5,2,18,0.111,13,25,0.52,7,26,33,67,14,4,17,41,101
201566,Russell Westbrook,1610612746,LAC,35.0,47,10,1081.0,218,462,0.472,32,108,0.296,75,112,0.67,72,194,266,225,51,20,100,86,543
1629632,Coby White,1610612741,CHI,23.0,49,49,1764.0,334,725,0.461,136,348,0.391,128,157,0.815,26,202,228,252,33,13,105,114,932
1628401,Derrick White,1610612738,BOS,29.0,45,45,1445.0,242,531,0.456,119,300,0.397,102,114,0.895,31,148,179,214,45,55,72,98,705
1641727,Dariq Whitehead,1610612751,BKN,19.0,2,0,24.0,1,5,0.2,0,3,0.0,1,2,0.5,0,4,4,3,0,1,0,0,3
1641715,Cam Whitmore,1610612745,HOU,19.0,25,1,418.0,109,222,0.491,41,103,0.398,35,52,0.673,19,77,96,10,17,6,16,32,294
1630598,Aaron Wiggins,1610612760,OKC,25.0,46,0,627.0,106,177,0.599,32,59,0.542,24,32,0.75,28,76,104,43,22,5,25,56,268
203952,Andrew Wiggins,1610612744,GSW,28.0,41,30,1118.0,194,440,0.441,41,130,0.315,81,113,0.717,67,104,171,65,18,21,56,95,510
1629623,Lindell Wigginton,1610612749,MIL,25.0,3,0,8.0,2,5,0.4,0,2,0.0,2,2,1.0,0,0,0,0,0,0,1,1,6
1629684,Grant Williams,1610612742,DAL,25.0,44,32,1169.0,125,301,0.415,76,202,0.376,35,48,0.729,42,112,154,78,22,25,45,131,361
1631114,Jalen Williams,1610612760,OKC,22.0,44,44,1405.0,321,596,0.539,63,140,0.45,116,144,0.806,23,154,177,197,47,22,76,118,821
1631119,Jaylin Williams,1610612760,OKC,21.0,41,0,500.0,53,131,0.405,29,83,0.349,16,19,0.842,20,111,131,52,17,15,17,60,151
1629026,Kenrich Williams,1610612760,OKC,29.0,38,1,569.0,71,150,0.473,31,78,0.397,3,10,0.3,29,82,111,47,23,6,15,54,176
1631109,Mark Williams,1610612766,CHA,22.0,19,19,508.0,98,151,0.649,0,0,0.0,46,64,0.719,76,108,184,22,16,20,17,50,242
1631466,Nate Williams,1610612745,HOU,24.0,7,0,55.0,10,23,0.435,1,3,0.333,4,5,0.8,5,1,6,3,2,0,1,5,25
1630172,Patrick Williams,1610612741,CHI,22.0,43,30,1174.0,159,359,0.443,59,148,0.399,52,66,0.788,46,120,166,66,40,33,57,87,429
1630533,Ziaire Williams,1610612763,MEM,22.0,44,9,828.0,120,308,0.39,49,156,0.314,49,59,0.831,30,119,149,64,27,9,57,75,338
1629057,Robert Williams III,1610612757,POR,26.0,6,0,119.0,17,26,0.654,0,0,0.0,7,9,0.778,11,27,38,5,7,7,7,17,41
1631246,Vince Williams Jr.,1610612763,MEM,23.0,38,19,956.0,106,239,0.444,58,154,0.377,66,84,0.786,50,159,209,84,28,25,46,94,336
1629627,Zion Williamson,1610612740,NOP,23.0,39,39,1187.0,344,584,0.589,4,11,0.364,177,265,0.668,68,148,216,181,38,15,100,94,869
1630592,Jalen Wilson,1610612751,BKN,23.0,11,0,104.0,16,32,0.5,2,8,0.25,15,15,1.0,15,9,24,9,3,1,3,9,49
1630164,James Wiseman,1610612765,DET,22.0,30,0,426.0,78,115,0.678,0,2,0.0,22,35,0.629,41,80,121,18,4,20,25,57,178
1626174,Christian Wood,1610612747,LAL,28.0,44,1,801.0,110,239,0.46,32,103,0.311,59,86,0.686,36,199,235,47,14,31,48,65,311
1626153,Delon Wright,1610612764,WAS,31.0,27,0,412.0,43,111,0.387,13,34,0.382,22,27,0.815,11,43,54,75,31,7,10,20,121
201152,Thaddeus Young,1610612761,TOR,35.0,20,6,302.0,48,79,0.608,1,5,0.2,4,10,0.4,24,36,60,44,16,2,10,35,101
1629027,Trae Young,1610612737,ATL,25.0,43,43,1568.0,363,846,0.429,144,383,0.376,297,345,0.861,21,102,123,472,63,10,187,86,1167
1630209,Omer Yurtseven,1610612762,UTA,25.0,27,6,265.0,39,80,0.488,3,15,0.2,6,11,0.545,36,68,104,13,4,10,23,35,87
203469,Cody Zeller,1610612740,NOP,31.0,34,0,283.0,20,51,0.392,1,3,0.333,21,35,0.6,38,54,92,34,7,4,12,39,62
1627826,Ivica Zubac,1610612746,LAC,26.0,38,38,1030.0,201,307,0.655,0,0,0.0,68,105,0.648,124,246,370,48,8,52,43,110,470
